KPI,Value
Total Sales,6182639.0
Total Profit,1610697.0
Average Order Value,11302.81352833638
Avg Order Quantity,23.29981718464351
